<?xml version="1.0" encoding="UTF-8"?>
<project-private xmlns="http://www.netbeans.org/ns/project-private/1">
    <editor-bookmarks xmlns="http://www.netbeans.org/ns/editor-bookmarks/2" lastBookmarkId="0"/>
    <open-files xmlns="http://www.netbeans.org/ns/projectui-open-files/2">
        <group>
            <file>file:/C:/Users/akash/OneDrive/Documents/NetBeansProjects/Cyber%20Cafe%20Management%20System/src/dao/DbOperations.java</file>
            <file>file:/C:/Users/akash/OneDrive/Documents/NetBeansProjects/Cyber%20Cafe%20Management%20System/src/dao/table.java</file>
            <file>file:/C:/Users/akash/OneDrive/Documents/NetBeansProjects/Cyber%20Cafe%20Management%20System/src/cyber/cafe/management/system/Home.java</file>
            <file>file:/C:/Users/akash/OneDrive/Documents/NetBeansProjects/Cyber%20Cafe%20Management%20System/src/dao/ConnectionProvider.java</file>
            <file>file:/C:/Users/akash/OneDrive/Documents/NetBeansProjects/Cyber%20Cafe%20Management%20System/src/cyber/cafe/management/system/ForgotPassword.java</file>
            <file>file:/C:/Users/akash/OneDrive/Documents/NetBeansProjects/Cyber%20Cafe%20Management%20System/src/cyber/cafe/management/system/Signup.java</file>
            <file>file:/C:/Users/akash/OneDrive/Documents/NetBeansProjects/Cyber%20Cafe%20Management%20System/src/dao/UserDao.java</file>
            <file>file:/C:/Users/akash/OneDrive/Documents/NetBeansProjects/Cyber%20Cafe%20Management%20System/src/model/User.java</file>
            <file>file:/C:/Users/akash/OneDrive/Documents/NetBeansProjects/Cyber%20Cafe%20Management%20System/src/cyber/cafe/management/system/Login.java</file>
        </group>
    </open-files>
</project-private>
